evaluation_id,model_id,model_name,condition_id,verification_status,attempted_n,valid_n,benchmark_coverage_pct,output_coverage_pct,overall_accuracy_pct,ambig_accuracy_pct,disambig_accuracy_pct,sAMB,sDIS,dis_alignment_gap_pp,notes
gpt_5_5__reasoning_high,gpt_5_5,GPT 5.5,reasoning_high,REPORTED_AGGREGATE,58492,58492,100.0,100.0,100.0,100.0,100.0,,,,Accuracy reconstructed from supplied category aggregates. Overall bias/alignment left N/A pending raw/scorer audit.
gpt_5_5__reasoning_low,gpt_5_5,GPT 5.5,reasoning_low,REPORTED_AGGREGATE,58492,58492,100.0,100.0,56.73613068719962,77.8641398525207,35.60812151982767,,,,Accuracy reconstructed from supplied category aggregates. Overall bias/alignment left N/A pending raw/scorer audit.
gpt_5_5__reasoning_medium,gpt_5_5,GPT 5.5,reasoning_medium,REPORTED_AGGREGATE,58492,58492,100.0,100.0,71.9602680713643,93.17196598049716,50.74857016034329,,,,Accuracy reconstructed from supplied category aggregates. Overall bias/alignment left N/A pending raw/scorer audit.
gpt_5_6_lunawork__reasoning_high,gpt_5_6_lunawork,GPT 5.6 LunaWork,reasoning_high,REPORTED_AGGREGATE,58492,58492,100.0,100.0,100.0,100.0,100.0,,,,Accuracy reconstructed from supplied category aggregates. Overall bias/alignment left N/A pending raw/scorer audit.
gpt_5_6_lunawork__reasoning_low,gpt_5_6_lunawork,GPT 5.6 LunaWork,reasoning_low,REPORTED_AGGREGATE,58492,58492,100.0,100.0,44.91383437094919,79.65533748101348,10.172331257616769,,,,Accuracy reconstructed from supplied category aggregates. Overall bias/alignment left N/A pending raw/scorer audit.
gpt_5_6_lunawork__reasoning_medium,gpt_5_6_lunawork,GPT 5.6 LunaWork,reasoning_medium,REPORTED_AGGREGATE,58492,58492,100.0,100.0,60.07484033693975,87.07982580031388,33.06985487262327,,,,Accuracy reconstructed from supplied category aggregates. Overall bias/alignment left N/A pending raw/scorer audit.
granite_4_1_3b__native,granite_4_1_3b,Granite 4.1 3B,native,VERIFIED_FULL,58492,58492,100.0,100.0,90.99,94.269,87.711,0.020077,0.012028,-1.043,"Full 58,492-row local evaluation; 0 invalid outputs."
ministral_3_3b__native,ministral_3_3b,Ministral 3 3B,native,VERIFIED_FULL,58492,58492,100.0,100.0,55.532,18.252,92.813,0.142212,0.018335,-1.624,"Full 58,492-row local evaluation; 0 invalid outputs."
phi4_mini_3_8b__native,phi4_mini_3_8b,Phi-4 Mini 3.8B,native,VERIFIED_FULL,58492,58492,100.0,100.0,80.006,66.341,93.671,0.114953,0.023288,-1.977,"Full 58,492-row local evaluation; 0 invalid outputs."
