Result Level,Model,condition_id,Analysis Category,Context,Question Polarity,Source File,Question Index,N,Scorable N,Valid,Invalid,Coverage (%),Overall Accuracy (%),AMB Accuracy / UNKNOWN (%),DIS Accuracy (%),UNKNOWN Response Rate Valid (%),"sAMB [-1,1]",sAMB x100,"sDIS [-1,1]",sDIS x100,AMB Non-UNKNOWN Guess Rate (%),AMB Stereotype Share Among Non-UNKNOWN (%),Aligned DIS Accuracy (%),Nonaligned DIS Accuracy (%),Nonaligned - Aligned (pp),n_biased,n_anti,n_unknown,n_dis_aligned,n_dis_nonaligned,Notes
OVERALL,Ministral 3 3B,ministral_3_3b__native,ALL,ALL,ALL,ALL,ALL,58492,58476,58492,0,100.0,55.532,18.252,92.813,10.16,0.142212,14.221,0.018335,1.834,81.743,58.699,93.618,91.994,-1.624,N/A,N/A,N/A,14698,14540,Primary report-ready pooled/micro result for the full BBQ benchmark.
CATEGORY,Ministral 3 3B,ministral_3_3b__native,Age,ALL,ALL,ALL,ALL,3680,3680,3680,0,100.0,51.793,12.989,90.598,8.207,0.461413,46.141,0.038829,3.883,87.011,76.515,92.935,88.261,-4.674,N/A,N/A,N/A,920,920,Category-level pooled result across both contexts and both polarities.
CATEGORY,Ministral 3 3B,ministral_3_3b__native,Disability status,ALL,ALL,ALL,ALL,1556,1556,1556,0,100.0,48.843,11.44,86.247,7.069,0.294344,29.434,0.054161,5.416,88.56,66.618,88.325,84.115,-4.21,N/A,N/A,N/A,394,384,Category-level pooled result across both contexts and both polarities.
CATEGORY,Ministral 3 3B,ministral_3_3b__native,Gender identity,ALL,ALL,ALL,ALL,672,656,672,0,100.0,54.315,25.298,83.333,16.667,0.295732,29.573,-0.023256,-2.326,74.085,69.959,81.707,84.146,2.439,N/A,N/A,N/A,164,164,Category-level pooled result across both contexts and both polarities.
CATEGORY,Ministral 3 3B,ministral_3_3b__native,Gender identity (names),ALL,ALL,ALL,ALL,5000,5000,5000,0,100.0,60.56,32.4,88.72,20.02,0.1656,16.56,0.02382,2.382,67.6,62.249,89.76,87.68,-2.08,N/A,N/A,N/A,1250,1250,Category-level pooled result across both contexts and both polarities.
CATEGORY,Ministral 3 3B,ministral_3_3b__native,Nationality,ALL,ALL,ALL,ALL,3080,3080,3080,0,100.0,58.766,22.922,94.61,11.753,0.156494,15.649,0.035924,3.592,77.078,60.152,96.623,92.597,-4.026,N/A,N/A,N/A,770,770,Category-level pooled result across both contexts and both polarities.
CATEGORY,Ministral 3 3B,ministral_3_3b__native,Physical appearance,ALL,ALL,ALL,ALL,1576,1576,1576,0,100.0,49.365,17.005,81.726,10.977,0.492386,49.239,0.044059,4.406,82.995,79.664,80.516,83.149,2.633,N/A,N/A,N/A,426,362,Category-level pooled result across both contexts and both polarities.
CATEGORY,Ministral 3 3B,ministral_3_3b__native,Race x SES,ALL,ALL,ALL,ALL,11160,11160,11160,0,100.0,59.086,20.036,98.136,10.287,0.04552,4.552,0.003243,0.324,79.964,52.846,98.387,97.885,-0.502,N/A,N/A,N/A,2790,2790,Category-level pooled result across both contexts and both polarities.
CATEGORY,Ministral 3 3B,ministral_3_3b__native,Race x gender,ALL,ALL,ALL,ALL,15960,15960,15960,0,100.0,51.31,11.19,91.429,6.391,0.00614,0.614,0.014644,1.464,88.81,50.346,92.317,90.537,-1.78,N/A,N/A,N/A,3996,3984,Category-level pooled result across both contexts and both polarities.
CATEGORY,Ministral 3 3B,ministral_3_3b__native,Race/ethnicity,ALL,ALL,ALL,ALL,1880,1880,1880,0,100.0,65.638,33.617,97.66,17.447,0.129787,12.979,0.010776,1.078,66.383,59.776,98.511,96.809,-1.702,N/A,N/A,N/A,470,470,Category-level pooled result across both contexts and both polarities.
CATEGORY,Ministral 3 3B,ministral_3_3b__native,Race/ethnicity (names),ALL,ALL,ALL,ALL,5000,5000,5000,0,100.0,58.08,20.0,96.16,10.18,0.0624,6.24,0.000401,0.04,80.0,53.9,96.24,96.08,-0.16,N/A,N/A,N/A,1250,1250,Category-level pooled result across both contexts and both polarities.
CATEGORY,Ministral 3 3B,ministral_3_3b__native,Religion,ALL,ALL,ALL,ALL,1200,1200,1200,0,100.0,56.083,25.833,86.333,14.917,0.151667,15.167,0.038194,3.819,74.167,60.225,88.667,84.0,-4.667,N/A,N/A,N/A,300,300,Category-level pooled result across both contexts and both polarities.
CATEGORY,Ministral 3 3B,ministral_3_3b__native,SES,ALL,ALL,ALL,ALL,6864,6864,6864,0,100.0,54.385,15.181,93.59,8.071,0.3581,35.81,0.029715,2.971,84.819,71.11,94.349,92.798,-1.552,N/A,N/A,N/A,1752,1680,Category-level pooled result across both contexts and both polarities.
CATEGORY,Ministral 3 3B,ministral_3_3b__native,Sexual orientation,ALL,ALL,ALL,ALL,864,864,864,0,100.0,58.796,28.935,88.657,16.782,0.090278,9.028,0.029126,2.913,71.065,56.352,90.278,87.037,-3.241,N/A,N/A,N/A,216,216,Category-level pooled result across both contexts and both polarities.
CATEGORY_CONTEXT_POLARITY,Ministral 3 3B,ministral_3_3b__native,Age,ambig,neg,ALL,ALL,920,920,920,0,100.0,13.478,13.478,N/A,13.478,0.476087,47.609,N/A,N/A,86.522,77.513,N/A,N/A,N/A,617,179,124,0,0,
CATEGORY_CONTEXT_POLARITY,Ministral 3 3B,ministral_3_3b__native,Age,ambig,nonneg,ALL,ALL,920,920,920,0,100.0,12.5,12.5,N/A,12.5,0.446739,44.674,N/A,N/A,87.5,75.528,N/A,N/A,N/A,608,197,115,0,0,
CATEGORY_CONTEXT_POLARITY,Ministral 3 3B,ministral_3_3b__native,Age,disambig,neg,ALL,ALL,920,920,920,0,100.0,96.63,N/A,96.63,2.283,N/A,N/A,0.030033,3.003,N/A,N/A,98.696,94.565,-4.13,463,436,21,460,460,
CATEGORY_CONTEXT_POLARITY,Ministral 3 3B,ministral_3_3b__native,Age,disambig,nonneg,ALL,ALL,920,920,920,0,100.0,84.565,N/A,84.565,4.565,N/A,N/A,0.047836,4.784,N/A,N/A,87.174,81.957,-5.217,460,418,42,460,460,
CATEGORY_CONTEXT_POLARITY,Ministral 3 3B,ministral_3_3b__native,Disability status,ambig,neg,ALL,ALL,389,389,389,0,100.0,7.712,7.712,N/A,7.712,0.40874,40.874,N/A,N/A,92.288,72.145,N/A,N/A,N/A,259,100,30,0,0,
CATEGORY_CONTEXT_POLARITY,Ministral 3 3B,ministral_3_3b__native,Disability status,ambig,nonneg,ALL,ALL,389,389,389,0,100.0,15.167,15.167,N/A,15.167,0.179949,17.995,N/A,N/A,84.833,60.606,N/A,N/A,N/A,200,130,59,0,0,
CATEGORY_CONTEXT_POLARITY,Ministral 3 3B,ministral_3_3b__native,Disability status,disambig,neg,ALL,ALL,389,389,389,0,100.0,92.545,N/A,92.545,0.771,N/A,N/A,-0.041451,-4.145,N/A,N/A,89.848,95.312,5.465,185,201,3,197,192,
CATEGORY_CONTEXT_POLARITY,Ministral 3 3B,ministral_3_3b__native,Disability status,disambig,nonneg,ALL,ALL,389,389,389,0,100.0,79.949,N/A,79.949,4.627,N/A,N/A,0.153639,15.364,N/A,N/A,86.802,72.917,-13.885,214,157,18,197,192,
CATEGORY_CONTEXT_POLARITY,Ministral 3 3B,ministral_3_3b__native,Gender identity,ambig,neg,ALL,ALL,168,164,168,0,100.0,25.0,25.0,N/A,25.0,0.292683,29.268,N/A,N/A,74.39,69.672,N/A,N/A,N/A,85,37,42,0,0,
CATEGORY_CONTEXT_POLARITY,Ministral 3 3B,ministral_3_3b__native,Gender identity,ambig,nonneg,ALL,ALL,168,164,168,0,100.0,25.595,25.595,N/A,25.595,0.29878,29.878,N/A,N/A,73.78,70.248,N/A,N/A,N/A,85,36,43,0,0,
CATEGORY_CONTEXT_POLARITY,Ministral 3 3B,ministral_3_3b__native,Gender identity,disambig,neg,ALL,ALL,168,164,168,0,100.0,90.476,N/A,90.476,1.786,N/A,N/A,0.018634,1.863,N/A,N/A,91.463,89.024,-2.439,82,79,3,82,82,
CATEGORY_CONTEXT_POLARITY,Ministral 3 3B,ministral_3_3b__native,Gender identity,disambig,nonneg,ALL,ALL,168,164,168,0,100.0,76.19,N/A,76.19,14.286,N/A,N/A,-0.071429,-7.143,N/A,N/A,71.951,79.268,7.317,65,75,24,82,82,
CATEGORY_CONTEXT_POLARITY,Ministral 3 3B,ministral_3_3b__native,Gender identity (names),ambig,neg,ALL,ALL,1250,1250,1250,0,100.0,33.36,33.36,N/A,33.36,0.1976,19.76,N/A,N/A,66.64,64.826,N/A,N/A,N/A,540,293,417,0,0,
CATEGORY_CONTEXT_POLARITY,Ministral 3 3B,ministral_3_3b__native,Gender identity (names),ambig,nonneg,ALL,ALL,1250,1250,1250,0,100.0,31.44,31.44,N/A,31.44,0.1336,13.36,N/A,N/A,68.56,59.743,N/A,N/A,N/A,512,345,393,0,0,
CATEGORY_CONTEXT_POLARITY,Ministral 3 3B,ministral_3_3b__native,Gender identity (names),disambig,neg,ALL,ALL,1250,1250,1250,0,100.0,96.24,N/A,96.24,0.64,N/A,N/A,0.045089,4.509,N/A,N/A,98.72,93.76,-4.96,649,593,8,625,625,
CATEGORY_CONTEXT_POLARITY,Ministral 3 3B,ministral_3_3b__native,Gender identity (names),disambig,nonneg,ALL,ALL,1250,1250,1250,0,100.0,81.2,N/A,81.2,14.64,N/A,N/A,-0.000937,-0.094,N/A,N/A,80.8,81.6,0.8,533,534,183,625,625,
CATEGORY_CONTEXT_POLARITY,Ministral 3 3B,ministral_3_3b__native,Nationality,ambig,neg,ALL,ALL,770,770,770,0,100.0,24.416,24.416,N/A,24.416,0.192208,19.221,N/A,N/A,75.584,62.715,N/A,N/A,N/A,365,217,188,0,0,
CATEGORY_CONTEXT_POLARITY,Ministral 3 3B,ministral_3_3b__native,Nationality,ambig,nonneg,ALL,ALL,770,770,770,0,100.0,21.429,21.429,N/A,21.429,0.120779,12.078,N/A,N/A,78.571,57.686,N/A,N/A,N/A,349,256,165,0,0,
CATEGORY_CONTEXT_POLARITY,Ministral 3 3B,ministral_3_3b__native,Nationality,disambig,neg,ALL,ALL,770,770,770,0,100.0,96.753,N/A,96.753,0.39,N/A,N/A,0.045632,4.563,N/A,N/A,99.221,94.286,-4.935,401,366,3,385,385,
CATEGORY_CONTEXT_POLARITY,Ministral 3 3B,ministral_3_3b__native,Nationality,disambig,nonneg,ALL,ALL,770,770,770,0,100.0,92.468,N/A,92.468,0.779,N/A,N/A,0.026178,2.618,N/A,N/A,94.026,90.909,-3.117,392,372,6,385,385,
CATEGORY_CONTEXT_POLARITY,Ministral 3 3B,ministral_3_3b__native,Physical appearance,ambig,neg,ALL,ALL,394,394,394,0,100.0,13.959,13.959,N/A,13.959,0.418782,41.878,N/A,N/A,86.041,74.336,N/A,N/A,N/A,252,87,55,0,0,
CATEGORY_CONTEXT_POLARITY,Ministral 3 3B,ministral_3_3b__native,Physical appearance,ambig,nonneg,ALL,ALL,394,394,394,0,100.0,20.051,20.051,N/A,20.051,0.56599,56.599,N/A,N/A,79.949,85.397,N/A,N/A,N/A,269,46,79,0,0,
CATEGORY_CONTEXT_POLARITY,Ministral 3 3B,ministral_3_3b__native,Physical appearance,disambig,neg,ALL,ALL,394,394,394,0,100.0,85.533,N/A,85.533,0.508,N/A,N/A,0.005102,0.51,N/A,N/A,83.099,88.398,5.299,197,195,2,213,181,
CATEGORY_CONTEXT_POLARITY,Ministral 3 3B,ministral_3_3b__native,Physical appearance,disambig,nonneg,ALL,ALL,394,394,394,0,100.0,77.919,N/A,77.919,9.391,N/A,N/A,0.086835,8.683,N/A,N/A,77.934,77.901,-0.034,194,163,37,213,181,
CATEGORY_CONTEXT_POLARITY,Ministral 3 3B,ministral_3_3b__native,Race x SES,ambig,neg,ALL,ALL,2790,2790,2790,0,100.0,18.996,18.996,N/A,18.996,-0.006452,-0.645,N/A,N/A,81.004,49.602,N/A,N/A,N/A,1121,1139,530,0,0,
CATEGORY_CONTEXT_POLARITY,Ministral 3 3B,ministral_3_3b__native,Race x SES,ambig,nonneg,ALL,ALL,2790,2790,2790,0,100.0,21.075,21.075,N/A,21.075,0.097491,9.749,N/A,N/A,78.925,56.176,N/A,N/A,N/A,1237,965,588,0,0,
CATEGORY_CONTEXT_POLARITY,Ministral 3 3B,ministral_3_3b__native,Race x SES,disambig,neg,ALL,ALL,2790,2790,2790,0,100.0,99.498,N/A,99.498,0.143,N/A,N/A,0.000718,0.072,N/A,N/A,99.57,99.427,-0.143,1394,1392,4,1395,1395,
CATEGORY_CONTEXT_POLARITY,Ministral 3 3B,ministral_3_3b__native,Race x SES,disambig,nonneg,ALL,ALL,2790,2790,2790,0,100.0,96.774,N/A,96.774,0.932,N/A,N/A,0.005789,0.579,N/A,N/A,97.204,96.344,-0.86,1390,1374,26,1395,1395,
CATEGORY_CONTEXT_POLARITY,Ministral 3 3B,ministral_3_3b__native,Race x gender,ambig,neg,ALL,ALL,3990,3990,3990,0,100.0,12.932,12.932,N/A,12.932,0.081704,8.17,N/A,N/A,87.068,54.692,N/A,N/A,N/A,1900,1574,516,0,0,
CATEGORY_CONTEXT_POLARITY,Ministral 3 3B,ministral_3_3b__native,Race x gender,ambig,nonneg,ALL,ALL,3990,3990,3990,0,100.0,9.449,9.449,N/A,9.449,-0.069424,-6.942,N/A,N/A,90.551,46.167,N/A,N/A,N/A,1668,1945,377,0,0,
CATEGORY_CONTEXT_POLARITY,Ministral 3 3B,ministral_3_3b__native,Race x gender,disambig,neg,ALL,ALL,3990,3990,3990,0,100.0,90.952,N/A,90.952,0.226,N/A,N/A,0.029892,2.989,N/A,N/A,92.442,89.458,-2.985,2050,1931,9,1998,1992,
CATEGORY_CONTEXT_POLARITY,Ministral 3 3B,ministral_3_3b__native,Race x gender,disambig,nonneg,ALL,ALL,3990,3990,3990,0,100.0,91.905,N/A,91.905,2.957,N/A,N/A,-0.001033,-0.103,N/A,N/A,92.192,91.616,-0.576,1934,1938,118,1998,1992,
CATEGORY_CONTEXT_POLARITY,Ministral 3 3B,ministral_3_3b__native,Race/ethnicity,ambig,neg,ALL,ALL,470,470,470,0,100.0,37.872,37.872,N/A,37.872,0.059574,5.957,N/A,N/A,62.128,54.795,N/A,N/A,N/A,160,132,178,0,0,
CATEGORY_CONTEXT_POLARITY,Ministral 3 3B,ministral_3_3b__native,Race/ethnicity,ambig,nonneg,ALL,ALL,470,470,470,0,100.0,29.362,29.362,N/A,29.362,0.2,20.0,N/A,N/A,70.638,64.157,N/A,N/A,N/A,213,119,138,0,0,
CATEGORY_CONTEXT_POLARITY,Ministral 3 3B,ministral_3_3b__native,Race/ethnicity,disambig,neg,ALL,ALL,470,470,470,0,100.0,98.723,N/A,98.723,1.064,N/A,N/A,0.010753,1.075,N/A,N/A,99.574,97.872,-1.702,235,230,5,235,235,
CATEGORY_CONTEXT_POLARITY,Ministral 3 3B,ministral_3_3b__native,Race/ethnicity,disambig,nonneg,ALL,ALL,470,470,470,0,100.0,96.596,N/A,96.596,1.489,N/A,N/A,0.010799,1.08,N/A,N/A,97.447,95.745,-1.702,234,229,7,235,235,
CATEGORY_CONTEXT_POLARITY,Ministral 3 3B,ministral_3_3b__native,Race/ethnicity (names),ambig,neg,ALL,ALL,1250,1250,1250,0,100.0,21.04,21.04,N/A,21.04,0.0984,9.84,N/A,N/A,78.96,56.231,N/A,N/A,N/A,555,432,263,0,0,
CATEGORY_CONTEXT_POLARITY,Ministral 3 3B,ministral_3_3b__native,Race/ethnicity (names),ambig,nonneg,ALL,ALL,1250,1250,1250,0,100.0,18.96,18.96,N/A,18.96,0.0264,2.64,N/A,N/A,81.04,51.629,N/A,N/A,N/A,523,490,237,0,0,
CATEGORY_CONTEXT_POLARITY,Ministral 3 3B,ministral_3_3b__native,Race/ethnicity (names),disambig,neg,ALL,ALL,1250,1250,1250,0,100.0,97.6,N/A,97.6,0.24,N/A,N/A,-0.00401,-0.401,N/A,N/A,97.44,97.76,0.32,621,626,3,625,625,
CATEGORY_CONTEXT_POLARITY,Ministral 3 3B,ministral_3_3b__native,Race/ethnicity (names),disambig,nonneg,ALL,ALL,1250,1250,1250,0,100.0,94.72,N/A,94.72,0.48,N/A,N/A,0.004823,0.482,N/A,N/A,95.04,94.4,-0.64,625,619,6,625,625,
CATEGORY_CONTEXT_POLARITY,Ministral 3 3B,ministral_3_3b__native,Religion,ambig,neg,ALL,ALL,300,300,300,0,100.0,29.0,29.0,N/A,29.0,0.276667,27.667,N/A,N/A,71.0,69.484,N/A,N/A,N/A,148,65,87,0,0,
CATEGORY_CONTEXT_POLARITY,Ministral 3 3B,ministral_3_3b__native,Religion,ambig,nonneg,ALL,ALL,300,300,300,0,100.0,22.667,22.667,N/A,22.667,0.026667,2.667,N/A,N/A,77.333,51.724,N/A,N/A,N/A,120,112,68,0,0,
CATEGORY_CONTEXT_POLARITY,Ministral 3 3B,ministral_3_3b__native,Religion,disambig,neg,ALL,ALL,300,300,300,0,100.0,93.0,N/A,93.0,4.0,N/A,N/A,0.048611,4.861,N/A,N/A,96.0,90.0,-6.0,151,137,12,150,150,
CATEGORY_CONTEXT_POLARITY,Ministral 3 3B,ministral_3_3b__native,Religion,disambig,nonneg,ALL,ALL,300,300,300,0,100.0,79.667,N/A,79.667,4.0,N/A,N/A,0.027778,2.778,N/A,N/A,81.333,78.0,-3.333,148,140,12,150,150,
CATEGORY_CONTEXT_POLARITY,Ministral 3 3B,ministral_3_3b__native,SES,ambig,neg,ALL,ALL,1716,1716,1716,0,100.0,19.697,19.697,N/A,19.697,0.107226,10.723,N/A,N/A,80.303,56.676,N/A,N/A,N/A,781,597,338,0,0,
CATEGORY_CONTEXT_POLARITY,Ministral 3 3B,ministral_3_3b__native,SES,ambig,nonneg,ALL,ALL,1716,1716,1716,0,100.0,10.664,10.664,N/A,10.664,0.608974,60.897,N/A,N/A,89.336,84.083,N/A,N/A,N/A,1289,244,183,0,0,
CATEGORY_CONTEXT_POLARITY,Ministral 3 3B,ministral_3_3b__native,SES,disambig,neg,ALL,ALL,1716,1716,1716,0,100.0,96.212,N/A,96.212,0.35,N/A,N/A,0.017544,1.754,N/A,N/A,96.119,96.31,0.191,870,840,6,876,840,
CATEGORY_CONTEXT_POLARITY,Ministral 3 3B,ministral_3_3b__native,SES,disambig,nonneg,ALL,ALL,1716,1716,1716,0,100.0,90.967,N/A,90.967,1.573,N/A,N/A,0.042037,4.204,N/A,N/A,92.58,89.286,-3.294,880,809,27,876,840,
CATEGORY_CONTEXT_POLARITY,Ministral 3 3B,ministral_3_3b__native,Sexual orientation,ambig,neg,ALL,ALL,216,216,216,0,100.0,36.111,36.111,N/A,36.111,0.046296,4.63,N/A,N/A,63.889,53.623,N/A,N/A,N/A,74,64,78,0,0,
CATEGORY_CONTEXT_POLARITY,Ministral 3 3B,ministral_3_3b__native,Sexual orientation,ambig,nonneg,ALL,ALL,216,216,216,0,100.0,21.759,21.759,N/A,21.759,0.134259,13.426,N/A,N/A,78.241,58.58,N/A,N/A,N/A,99,70,47,0,0,
CATEGORY_CONTEXT_POLARITY,Ministral 3 3B,ministral_3_3b__native,Sexual orientation,disambig,neg,ALL,ALL,216,216,216,0,100.0,94.444,N/A,94.444,2.778,N/A,N/A,-0.009524,-0.952,N/A,N/A,94.444,94.444,0.0,104,106,6,108,108,
CATEGORY_CONTEXT_POLARITY,Ministral 3 3B,ministral_3_3b__native,Sexual orientation,disambig,nonneg,ALL,ALL,216,216,216,0,100.0,82.87,N/A,82.87,6.481,N/A,N/A,0.069307,6.931,N/A,N/A,86.111,79.63,-6.481,108,94,14,108,108,
