result_level,evaluation_id,model_id,model_name,condition_id,source_type,scoring_status,inference_provenance,category,context,polarity,n,valid_n,invalid_n,coverage_pct,overall_accuracy_pct,ambig_accuracy_pct,disambig_accuracy_pct,accuracy_pct,unknown_rate_valid_pct,sAMB,sDIS,bias_type,bias_score,aligned_dis_accuracy_pct,nonaligned_dis_accuracy_pct,alignment_gap_pp,n_biased,n_anti,n_unknown,bias_scorable_valid_n
OVERALL,gpt_5_6_luna__high,gpt_5_6_luna,GPT 5.6 Luna,high,raw_answers,RESCORED,PARTIAL,ALL,ALL,ALL,58492,58492,0,100.0,100.0,100.0,100.0,100.0,,0.0,0.005404,,,100.0,100.0,0.0,,,,
OVERALL,gpt_5_6_luna__medium,gpt_5_6_luna,GPT 5.6 Luna,medium,raw_answers,RESCORED,PARTIAL,ALL,ALL,ALL,58492,58492,0,100.0,60.078301,87.081994,33.074608,60.078301,,-0.000274,0.006183,,,33.324262,32.81293,-0.511332,,,,
OVERALL,gpt_5_6_luna__light,gpt_5_6_luna,GPT 5.6 Luna,light,raw_answers,RESCORED,PARTIAL,ALL,ALL,ALL,58492,58492,0,100.0,44.913834,79.655337,10.172331,44.913834,,0.0,0.0,,,10.069397,10.275103,0.205706,,,,
CATEGORY,gpt_5_6_luna__high,gpt_5_6_luna,GPT 5.6 Luna,high,raw_answers,RESCORED,PARTIAL,Age,ALL,ALL,3680,3680,0,100.0,100.0,100.0,100.0,100.0,,0.0,0.0,,,100.0,100.0,0.0,,,,
CATEGORY,gpt_5_6_luna__high,gpt_5_6_luna,GPT 5.6 Luna,high,raw_answers,RESCORED,PARTIAL,Disability status,ALL,ALL,1556,1556,0,100.0,100.0,100.0,100.0,100.0,,0.0,0.012853,,,100.0,100.0,0.0,,,,
CATEGORY,gpt_5_6_luna__high,gpt_5_6_luna,GPT 5.6 Luna,high,raw_answers,RESCORED,PARTIAL,Gender identity,ALL,ALL,672,672,0,100.0,100.0,100.0,100.0,100.0,,0.0,0.0,,,100.0,100.0,0.0,,,,
CATEGORY,gpt_5_6_luna__high,gpt_5_6_luna,GPT 5.6 Luna,high,raw_answers,RESCORED,PARTIAL,Gender identity (names),ALL,ALL,5000,5000,0,100.0,100.0,100.0,100.0,100.0,,0.0,0.0,,,100.0,100.0,0.0,,,,
CATEGORY,gpt_5_6_luna__high,gpt_5_6_luna,GPT 5.6 Luna,high,raw_answers,RESCORED,PARTIAL,Nationality,ALL,ALL,3080,3080,0,100.0,100.0,100.0,100.0,100.0,,0.0,0.0,,,100.0,100.0,0.0,,,,
CATEGORY,gpt_5_6_luna__high,gpt_5_6_luna,GPT 5.6 Luna,high,raw_answers,RESCORED,PARTIAL,Physical appearance,ALL,ALL,1576,1576,0,100.0,100.0,100.0,100.0,100.0,,0.0,0.081218,,,100.0,100.0,0.0,,,,
CATEGORY,gpt_5_6_luna__high,gpt_5_6_luna,GPT 5.6 Luna,high,raw_answers,RESCORED,PARTIAL,Race x SES,ALL,ALL,11160,11160,0,100.0,100.0,100.0,100.0,100.0,,0.0,0.0,,,100.0,100.0,0.0,,,,
CATEGORY,gpt_5_6_luna__high,gpt_5_6_luna,GPT 5.6 Luna,high,raw_answers,RESCORED,PARTIAL,Race x gender,ALL,ALL,15960,15960,0,100.0,100.0,100.0,100.0,100.0,,0.0,0.001504,,,100.0,100.0,0.0,,,,
CATEGORY,gpt_5_6_luna__high,gpt_5_6_luna,GPT 5.6 Luna,high,raw_answers,RESCORED,PARTIAL,Race/ethnicity,ALL,ALL,1880,1880,0,100.0,100.0,100.0,100.0,100.0,,0.0,0.0,,,100.0,100.0,0.0,,,,
CATEGORY,gpt_5_6_luna__high,gpt_5_6_luna,GPT 5.6 Luna,high,raw_answers,RESCORED,PARTIAL,Race/ethnicity (names),ALL,ALL,5000,5000,0,100.0,100.0,100.0,100.0,100.0,,0.0,0.0,,,100.0,100.0,0.0,,,,
CATEGORY,gpt_5_6_luna__high,gpt_5_6_luna,GPT 5.6 Luna,high,raw_answers,RESCORED,PARTIAL,Religion,ALL,ALL,1200,1200,0,100.0,100.0,100.0,100.0,100.0,,0.0,0.0,,,100.0,100.0,0.0,,,,
CATEGORY,gpt_5_6_luna__high,gpt_5_6_luna,GPT 5.6 Luna,high,raw_answers,RESCORED,PARTIAL,SES,ALL,ALL,6864,6864,0,100.0,100.0,100.0,100.0,100.0,,0.0,0.020979,,,100.0,100.0,0.0,,,,
CATEGORY,gpt_5_6_luna__high,gpt_5_6_luna,GPT 5.6 Luna,high,raw_answers,RESCORED,PARTIAL,Sexual orientation,ALL,ALL,864,864,0,100.0,100.0,100.0,100.0,100.0,,0.0,0.0,,,100.0,100.0,0.0,,,,
CATEGORY,gpt_5_6_luna__medium,gpt_5_6_luna,GPT 5.6 Luna,medium,raw_answers,RESCORED,PARTIAL,Age,ALL,ALL,3680,3680,0,100.0,56.494565,85.326087,27.663043,56.494565,,0.002174,-0.002967,,,27.608696,27.717391,0.108696,,,,
CATEGORY,gpt_5_6_luna__medium,gpt_5_6_luna,GPT 5.6 Luna,medium,raw_answers,RESCORED,PARTIAL,Disability status,ALL,ALL,1556,1556,0,100.0,59.640103,89.717224,29.562982,59.640103,,0.0,0.074419,,,31.979695,27.083333,-4.896362,,,,
CATEGORY,gpt_5_6_luna__medium,gpt_5_6_luna,GPT 5.6 Luna,medium,raw_answers,RESCORED,PARTIAL,Gender identity,ALL,ALL,672,672,0,100.0,62.64881,92.261905,33.035714,62.64881,,0.0,0.015748,,,33.536585,31.707317,-1.829268,,,,
CATEGORY,gpt_5_6_luna__medium,gpt_5_6_luna,GPT 5.6 Luna,medium,raw_answers,RESCORED,PARTIAL,Gender identity (names),ALL,ALL,5000,5000,0,100.0,55.0,87.0,23.0,55.0,,-0.0036,0.007752,,,23.36,22.64,-0.72,,,,
CATEGORY,gpt_5_6_luna__medium,gpt_5_6_luna,GPT 5.6 Luna,medium,raw_answers,RESCORED,PARTIAL,Nationality,ALL,ALL,3080,3080,0,100.0,57.012987,74.220779,39.805195,57.012987,,-0.000649,0.021933,,,40.519481,39.090909,-1.428571,,,,
CATEGORY,gpt_5_6_luna__medium,gpt_5_6_luna,GPT 5.6 Luna,medium,raw_answers,RESCORED,PARTIAL,Physical appearance,ALL,ALL,1576,1576,0,100.0,52.791878,70.558376,35.025381,52.791878,,0.0,-0.005386,,,35.915493,33.977901,-1.937592,,,,
CATEGORY,gpt_5_6_luna__medium,gpt_5_6_luna,GPT 5.6 Luna,medium,raw_answers,RESCORED,PARTIAL,Race x SES,ALL,ALL,11160,11160,0,100.0,61.801075,91.935484,31.666667,61.801075,,0.0,-0.008524,,,31.218638,32.114695,0.896057,,,,
CATEGORY,gpt_5_6_luna__medium,gpt_5_6_luna,GPT 5.6 Luna,medium,raw_answers,RESCORED,PARTIAL,Race x gender,ALL,ALL,15960,15960,0,100.0,65.733083,89.761905,41.704261,65.733083,,0.001378,0.007663,,,41.991992,41.415663,-0.576329,,,,
CATEGORY,gpt_5_6_luna__medium,gpt_5_6_luna,GPT 5.6 Luna,medium,raw_answers,RESCORED,PARTIAL,Race/ethnicity,ALL,ALL,1880,1880,0,100.0,56.06383,82.021277,30.106383,56.06383,,-0.005319,0.006969,,,29.787234,30.425532,0.638298,,,,
CATEGORY,gpt_5_6_luna__medium,gpt_5_6_luna,GPT 5.6 Luna,medium,raw_answers,RESCORED,PARTIAL,Race/ethnicity (names),ALL,ALL,5000,5000,0,100.0,54.64,77.12,32.16,54.64,,0.0024,-0.000603,,,31.76,32.56,0.8,,,,
CATEGORY,gpt_5_6_luna__medium,gpt_5_6_luna,GPT 5.6 Luna,medium,raw_answers,RESCORED,PARTIAL,Religion,ALL,ALL,1200,1200,0,100.0,59.416667,82.666667,36.166667,59.416667,,-0.016667,-0.021898,,,35.666667,36.666667,1.0,,,,
CATEGORY,gpt_5_6_luna__medium,gpt_5_6_luna,GPT 5.6 Luna,medium,raw_answers,RESCORED,PARTIAL,SES,ALL,ALL,6864,6864,0,100.0,57.342657,91.200466,23.484848,57.342657,,0.0,0.021277,,,24.657534,22.261905,-2.395629,,,,
CATEGORY,gpt_5_6_luna__medium,gpt_5_6_luna,GPT 5.6 Luna,medium,raw_answers,RESCORED,PARTIAL,Sexual orientation,ALL,ALL,864,864,0,100.0,63.888889,92.12963,35.648148,63.888889,,-0.009259,0.044983,,,37.5,33.796296,-3.703704,,,,
CATEGORY,gpt_5_6_luna__light,gpt_5_6_luna,GPT 5.6 Luna,light,raw_answers,RESCORED,PARTIAL,Age,ALL,ALL,3680,3680,0,100.0,45.353261,81.413043,9.293478,45.353261,,0.0,0.0,,,10.0,8.586957,-1.413043,,,,
CATEGORY,gpt_5_6_luna__light,gpt_5_6_luna,GPT 5.6 Luna,light,raw_answers,RESCORED,PARTIAL,Disability status,ALL,ALL,1556,1556,0,100.0,44.858612,79.434447,10.282776,44.858612,,0.0,0.0,,,9.898477,10.677083,0.778606,,,,
CATEGORY,gpt_5_6_luna__light,gpt_5_6_luna,GPT 5.6 Luna,light,raw_answers,RESCORED,PARTIAL,Gender identity,ALL,ALL,672,672,0,100.0,43.75,75.0,12.5,43.75,,0.0,0.0,,,10.97561,14.02439,3.04878,,,,
CATEGORY,gpt_5_6_luna__light,gpt_5_6_luna,GPT 5.6 Luna,light,raw_answers,RESCORED,PARTIAL,Gender identity (names),ALL,ALL,5000,5000,0,100.0,45.12,80.48,9.76,45.12,,0.0,0.0,,,9.6,9.92,0.32,,,,
CATEGORY,gpt_5_6_luna__light,gpt_5_6_luna,GPT 5.6 Luna,light,raw_answers,RESCORED,PARTIAL,Nationality,ALL,ALL,3080,3080,0,100.0,44.87013,79.480519,10.25974,44.87013,,0.0,0.0,,,9.350649,11.168831,1.818182,,,,
CATEGORY,gpt_5_6_luna__light,gpt_5_6_luna,GPT 5.6 Luna,light,raw_answers,RESCORED,PARTIAL,Physical appearance,ALL,ALL,1576,1576,0,100.0,44.670051,78.680203,10.659898,44.670051,,0.0,0.0,,,10.798122,10.497238,-0.300884,,,,
CATEGORY,gpt_5_6_luna__light,gpt_5_6_luna,GPT 5.6 Luna,light,raw_answers,RESCORED,PARTIAL,Race x SES,ALL,ALL,11160,11160,0,100.0,44.668459,78.673835,10.663082,44.668459,,0.0,0.0,,,10.215054,11.111111,0.896057,,,,
CATEGORY,gpt_5_6_luna__light,gpt_5_6_luna,GPT 5.6 Luna,light,raw_answers,RESCORED,PARTIAL,Race x gender,ALL,ALL,15960,15960,0,100.0,45.106516,80.426065,9.786967,45.106516,,0.0,0.0,,,9.584585,9.98996,0.405375,,,,
CATEGORY,gpt_5_6_luna__light,gpt_5_6_luna,GPT 5.6 Luna,light,raw_answers,RESCORED,PARTIAL,Race/ethnicity,ALL,ALL,1880,1880,0,100.0,43.776596,75.106383,12.446809,43.776596,,0.0,0.0,,,11.276596,13.617021,2.340426,,,,
CATEGORY,gpt_5_6_luna__light,gpt_5_6_luna,GPT 5.6 Luna,light,raw_answers,RESCORED,PARTIAL,Race/ethnicity (names),ALL,ALL,5000,5000,0,100.0,45.24,80.96,9.52,45.24,,0.0,0.0,,,9.92,9.12,-0.8,,,,
CATEGORY,gpt_5_6_luna__light,gpt_5_6_luna,GPT 5.6 Luna,light,raw_answers,RESCORED,PARTIAL,Religion,ALL,ALL,1200,1200,0,100.0,45.333333,81.333333,9.333333,45.333333,,0.0,0.0,,,10.333333,8.333333,-2.0,,,,
CATEGORY,gpt_5_6_luna__light,gpt_5_6_luna,GPT 5.6 Luna,light,raw_answers,RESCORED,PARTIAL,SES,ALL,ALL,6864,6864,0,100.0,44.828089,79.312354,10.343823,44.828089,,0.0,0.0,,,10.787671,9.880952,-0.906719,,,,
CATEGORY,gpt_5_6_luna__light,gpt_5_6_luna,GPT 5.6 Luna,light,raw_answers,RESCORED,PARTIAL,Sexual orientation,ALL,ALL,864,864,0,100.0,43.75,75.0,12.5,43.75,,0.0,0.0,,,12.962963,12.037037,-0.925926,,,,
CATEGORY_CONTEXT_POLARITY,gpt_5_6_luna__high,gpt_5_6_luna,GPT 5.6 Luna,high,raw_answers,RESCORED,PARTIAL,Age,ambig,neg,920,920,0,100.0,,,,100.0,100.0,,,sAMB,0.0,,,,0,0,920,920
CATEGORY_CONTEXT_POLARITY,gpt_5_6_luna__high,gpt_5_6_luna,GPT 5.6 Luna,high,raw_answers,RESCORED,PARTIAL,Age,ambig,nonneg,920,920,0,100.0,,,,100.0,100.0,,,sAMB,0.0,,,,0,0,920,920
CATEGORY_CONTEXT_POLARITY,gpt_5_6_luna__high,gpt_5_6_luna,GPT 5.6 Luna,high,raw_answers,RESCORED,PARTIAL,Age,disambig,neg,920,920,0,100.0,,,,100.0,0.0,,,sDIS,0.0,100.0,100.0,0.0,460,460,0,920
CATEGORY_CONTEXT_POLARITY,gpt_5_6_luna__high,gpt_5_6_luna,GPT 5.6 Luna,high,raw_answers,RESCORED,PARTIAL,Age,disambig,nonneg,920,920,0,100.0,,,,100.0,0.0,,,sDIS,0.0,100.0,100.0,0.0,460,460,0,920
CATEGORY_CONTEXT_POLARITY,gpt_5_6_luna__high,gpt_5_6_luna,GPT 5.6 Luna,high,raw_answers,RESCORED,PARTIAL,Disability status,ambig,neg,389,389,0,100.0,,,,100.0,100.0,,,sAMB,0.0,,,,0,0,389,389
CATEGORY_CONTEXT_POLARITY,gpt_5_6_luna__high,gpt_5_6_luna,GPT 5.6 Luna,high,raw_answers,RESCORED,PARTIAL,Disability status,ambig,nonneg,389,389,0,100.0,,,,100.0,100.0,,,sAMB,0.0,,,,0,0,389,389
CATEGORY_CONTEXT_POLARITY,gpt_5_6_luna__high,gpt_5_6_luna,GPT 5.6 Luna,high,raw_answers,RESCORED,PARTIAL,Disability status,disambig,neg,389,389,0,100.0,,,,100.0,0.0,,,sDIS,0.012853,100.0,100.0,0.0,197,192,0,389
CATEGORY_CONTEXT_POLARITY,gpt_5_6_luna__high,gpt_5_6_luna,GPT 5.6 Luna,high,raw_answers,RESCORED,PARTIAL,Disability status,disambig,nonneg,389,389,0,100.0,,,,100.0,0.0,,,sDIS,0.012853,100.0,100.0,0.0,197,192,0,389
CATEGORY_CONTEXT_POLARITY,gpt_5_6_luna__high,gpt_5_6_luna,GPT 5.6 Luna,high,raw_answers,RESCORED,PARTIAL,Gender identity,ambig,neg,168,168,0,100.0,,,,100.0,100.0,,,sAMB,0.0,,,,0,0,164,164
CATEGORY_CONTEXT_POLARITY,gpt_5_6_luna__high,gpt_5_6_luna,GPT 5.6 Luna,high,raw_answers,RESCORED,PARTIAL,Gender identity,ambig,nonneg,168,168,0,100.0,,,,100.0,100.0,,,sAMB,0.0,,,,0,0,164,164
CATEGORY_CONTEXT_POLARITY,gpt_5_6_luna__high,gpt_5_6_luna,GPT 5.6 Luna,high,raw_answers,RESCORED,PARTIAL,Gender identity,disambig,neg,168,168,0,100.0,,,,100.0,0.0,,,sDIS,0.0,100.0,100.0,0.0,82,82,0,164
CATEGORY_CONTEXT_POLARITY,gpt_5_6_luna__high,gpt_5_6_luna,GPT 5.6 Luna,high,raw_answers,RESCORED,PARTIAL,Gender identity,disambig,nonneg,168,168,0,100.0,,,,100.0,0.0,,,sDIS,0.0,100.0,100.0,0.0,82,82,0,164
CATEGORY_CONTEXT_POLARITY,gpt_5_6_luna__high,gpt_5_6_luna,GPT 5.6 Luna,high,raw_answers,RESCORED,PARTIAL,Gender identity (names),ambig,neg,1250,1250,0,100.0,,,,100.0,100.0,,,sAMB,0.0,,,,0,0,1250,1250
CATEGORY_CONTEXT_POLARITY,gpt_5_6_luna__high,gpt_5_6_luna,GPT 5.6 Luna,high,raw_answers,RESCORED,PARTIAL,Gender identity (names),ambig,nonneg,1250,1250,0,100.0,,,,100.0,100.0,,,sAMB,0.0,,,,0,0,1250,1250
CATEGORY_CONTEXT_POLARITY,gpt_5_6_luna__high,gpt_5_6_luna,GPT 5.6 Luna,high,raw_answers,RESCORED,PARTIAL,Gender identity (names),disambig,neg,1250,1250,0,100.0,,,,100.0,0.0,,,sDIS,0.0,100.0,100.0,0.0,625,625,0,1250
CATEGORY_CONTEXT_POLARITY,gpt_5_6_luna__high,gpt_5_6_luna,GPT 5.6 Luna,high,raw_answers,RESCORED,PARTIAL,Gender identity (names),disambig,nonneg,1250,1250,0,100.0,,,,100.0,0.0,,,sDIS,0.0,100.0,100.0,0.0,625,625,0,1250
CATEGORY_CONTEXT_POLARITY,gpt_5_6_luna__high,gpt_5_6_luna,GPT 5.6 Luna,high,raw_answers,RESCORED,PARTIAL,Nationality,ambig,neg,770,770,0,100.0,,,,100.0,100.0,,,sAMB,0.0,,,,0,0,770,770
CATEGORY_CONTEXT_POLARITY,gpt_5_6_luna__high,gpt_5_6_luna,GPT 5.6 Luna,high,raw_answers,RESCORED,PARTIAL,Nationality,ambig,nonneg,770,770,0,100.0,,,,100.0,100.0,,,sAMB,0.0,,,,0,0,770,770
CATEGORY_CONTEXT_POLARITY,gpt_5_6_luna__high,gpt_5_6_luna,GPT 5.6 Luna,high,raw_answers,RESCORED,PARTIAL,Nationality,disambig,neg,770,770,0,100.0,,,,100.0,0.0,,,sDIS,0.0,100.0,100.0,0.0,385,385,0,770
CATEGORY_CONTEXT_POLARITY,gpt_5_6_luna__high,gpt_5_6_luna,GPT 5.6 Luna,high,raw_answers,RESCORED,PARTIAL,Nationality,disambig,nonneg,770,770,0,100.0,,,,100.0,0.0,,,sDIS,0.0,100.0,100.0,0.0,385,385,0,770
CATEGORY_CONTEXT_POLARITY,gpt_5_6_luna__high,gpt_5_6_luna,GPT 5.6 Luna,high,raw_answers,RESCORED,PARTIAL,Physical appearance,ambig,neg,394,394,0,100.0,,,,100.0,100.0,,,sAMB,0.0,,,,0,0,394,394
CATEGORY_CONTEXT_POLARITY,gpt_5_6_luna__high,gpt_5_6_luna,GPT 5.6 Luna,high,raw_answers,RESCORED,PARTIAL,Physical appearance,ambig,nonneg,394,394,0,100.0,,,,100.0,100.0,,,sAMB,0.0,,,,0,0,394,394
CATEGORY_CONTEXT_POLARITY,gpt_5_6_luna__high,gpt_5_6_luna,GPT 5.6 Luna,high,raw_answers,RESCORED,PARTIAL,Physical appearance,disambig,neg,394,394,0,100.0,,,,100.0,0.0,,,sDIS,0.081218,100.0,100.0,0.0,213,181,0,394
CATEGORY_CONTEXT_POLARITY,gpt_5_6_luna__high,gpt_5_6_luna,GPT 5.6 Luna,high,raw_answers,RESCORED,PARTIAL,Physical appearance,disambig,nonneg,394,394,0,100.0,,,,100.0,0.0,,,sDIS,0.081218,100.0,100.0,0.0,213,181,0,394
CATEGORY_CONTEXT_POLARITY,gpt_5_6_luna__high,gpt_5_6_luna,GPT 5.6 Luna,high,raw_answers,RESCORED,PARTIAL,Race x SES,ambig,neg,2790,2790,0,100.0,,,,100.0,100.0,,,sAMB,0.0,,,,0,0,2790,2790
CATEGORY_CONTEXT_POLARITY,gpt_5_6_luna__high,gpt_5_6_luna,GPT 5.6 Luna,high,raw_answers,RESCORED,PARTIAL,Race x SES,ambig,nonneg,2790,2790,0,100.0,,,,100.0,100.0,,,sAMB,0.0,,,,0,0,2790,2790
CATEGORY_CONTEXT_POLARITY,gpt_5_6_luna__high,gpt_5_6_luna,GPT 5.6 Luna,high,raw_answers,RESCORED,PARTIAL,Race x SES,disambig,neg,2790,2790,0,100.0,,,,100.0,0.0,,,sDIS,0.0,100.0,100.0,0.0,1395,1395,0,2790
CATEGORY_CONTEXT_POLARITY,gpt_5_6_luna__high,gpt_5_6_luna,GPT 5.6 Luna,high,raw_answers,RESCORED,PARTIAL,Race x SES,disambig,nonneg,2790,2790,0,100.0,,,,100.0,0.0,,,sDIS,0.0,100.0,100.0,0.0,1395,1395,0,2790
CATEGORY_CONTEXT_POLARITY,gpt_5_6_luna__high,gpt_5_6_luna,GPT 5.6 Luna,high,raw_answers,RESCORED,PARTIAL,Race x gender,ambig,neg,3990,3990,0,100.0,,,,100.0,100.0,,,sAMB,0.0,,,,0,0,3990,3990
CATEGORY_CONTEXT_POLARITY,gpt_5_6_luna__high,gpt_5_6_luna,GPT 5.6 Luna,high,raw_answers,RESCORED,PARTIAL,Race x gender,ambig,nonneg,3990,3990,0,100.0,,,,100.0,100.0,,,sAMB,0.0,,,,0,0,3990,3990
CATEGORY_CONTEXT_POLARITY,gpt_5_6_luna__high,gpt_5_6_luna,GPT 5.6 Luna,high,raw_answers,RESCORED,PARTIAL,Race x gender,disambig,neg,3990,3990,0,100.0,,,,100.0,0.0,,,sDIS,0.001504,100.0,100.0,0.0,1998,1992,0,3990
CATEGORY_CONTEXT_POLARITY,gpt_5_6_luna__high,gpt_5_6_luna,GPT 5.6 Luna,high,raw_answers,RESCORED,PARTIAL,Race x gender,disambig,nonneg,3990,3990,0,100.0,,,,100.0,0.0,,,sDIS,0.001504,100.0,100.0,0.0,1998,1992,0,3990
CATEGORY_CONTEXT_POLARITY,gpt_5_6_luna__high,gpt_5_6_luna,GPT 5.6 Luna,high,raw_answers,RESCORED,PARTIAL,Race/ethnicity,ambig,neg,470,470,0,100.0,,,,100.0,100.0,,,sAMB,0.0,,,,0,0,470,470
CATEGORY_CONTEXT_POLARITY,gpt_5_6_luna__high,gpt_5_6_luna,GPT 5.6 Luna,high,raw_answers,RESCORED,PARTIAL,Race/ethnicity,ambig,nonneg,470,470,0,100.0,,,,100.0,100.0,,,sAMB,0.0,,,,0,0,470,470
CATEGORY_CONTEXT_POLARITY,gpt_5_6_luna__high,gpt_5_6_luna,GPT 5.6 Luna,high,raw_answers,RESCORED,PARTIAL,Race/ethnicity,disambig,neg,470,470,0,100.0,,,,100.0,0.0,,,sDIS,0.0,100.0,100.0,0.0,235,235,0,470
CATEGORY_CONTEXT_POLARITY,gpt_5_6_luna__high,gpt_5_6_luna,GPT 5.6 Luna,high,raw_answers,RESCORED,PARTIAL,Race/ethnicity,disambig,nonneg,470,470,0,100.0,,,,100.0,0.0,,,sDIS,0.0,100.0,100.0,0.0,235,235,0,470
CATEGORY_CONTEXT_POLARITY,gpt_5_6_luna__high,gpt_5_6_luna,GPT 5.6 Luna,high,raw_answers,RESCORED,PARTIAL,Race/ethnicity (names),ambig,neg,1250,1250,0,100.0,,,,100.0,100.0,,,sAMB,0.0,,,,0,0,1250,1250
CATEGORY_CONTEXT_POLARITY,gpt_5_6_luna__high,gpt_5_6_luna,GPT 5.6 Luna,high,raw_answers,RESCORED,PARTIAL,Race/ethnicity (names),ambig,nonneg,1250,1250,0,100.0,,,,100.0,100.0,,,sAMB,0.0,,,,0,0,1250,1250
CATEGORY_CONTEXT_POLARITY,gpt_5_6_luna__high,gpt_5_6_luna,GPT 5.6 Luna,high,raw_answers,RESCORED,PARTIAL,Race/ethnicity (names),disambig,neg,1250,1250,0,100.0,,,,100.0,0.0,,,sDIS,0.0,100.0,100.0,0.0,625,625,0,1250
CATEGORY_CONTEXT_POLARITY,gpt_5_6_luna__high,gpt_5_6_luna,GPT 5.6 Luna,high,raw_answers,RESCORED,PARTIAL,Race/ethnicity (names),disambig,nonneg,1250,1250,0,100.0,,,,100.0,0.0,,,sDIS,0.0,100.0,100.0,0.0,625,625,0,1250
CATEGORY_CONTEXT_POLARITY,gpt_5_6_luna__high,gpt_5_6_luna,GPT 5.6 Luna,high,raw_answers,RESCORED,PARTIAL,Religion,ambig,neg,300,300,0,100.0,,,,100.0,100.0,,,sAMB,0.0,,,,0,0,300,300
CATEGORY_CONTEXT_POLARITY,gpt_5_6_luna__high,gpt_5_6_luna,GPT 5.6 Luna,high,raw_answers,RESCORED,PARTIAL,Religion,ambig,nonneg,300,300,0,100.0,,,,100.0,100.0,,,sAMB,0.0,,,,0,0,300,300
CATEGORY_CONTEXT_POLARITY,gpt_5_6_luna__high,gpt_5_6_luna,GPT 5.6 Luna,high,raw_answers,RESCORED,PARTIAL,Religion,disambig,neg,300,300,0,100.0,,,,100.0,0.0,,,sDIS,0.0,100.0,100.0,0.0,150,150,0,300
CATEGORY_CONTEXT_POLARITY,gpt_5_6_luna__high,gpt_5_6_luna,GPT 5.6 Luna,high,raw_answers,RESCORED,PARTIAL,Religion,disambig,nonneg,300,300,0,100.0,,,,100.0,0.0,,,sDIS,0.0,100.0,100.0,0.0,150,150,0,300
CATEGORY_CONTEXT_POLARITY,gpt_5_6_luna__high,gpt_5_6_luna,GPT 5.6 Luna,high,raw_answers,RESCORED,PARTIAL,SES,ambig,neg,1716,1716,0,100.0,,,,100.0,100.0,,,sAMB,0.0,,,,0,0,1716,1716
CATEGORY_CONTEXT_POLARITY,gpt_5_6_luna__high,gpt_5_6_luna,GPT 5.6 Luna,high,raw_answers,RESCORED,PARTIAL,SES,ambig,nonneg,1716,1716,0,100.0,,,,100.0,100.0,,,sAMB,0.0,,,,0,0,1716,1716
CATEGORY_CONTEXT_POLARITY,gpt_5_6_luna__high,gpt_5_6_luna,GPT 5.6 Luna,high,raw_answers,RESCORED,PARTIAL,SES,disambig,neg,1716,1716,0,100.0,,,,100.0,0.0,,,sDIS,0.020979,100.0,100.0,0.0,876,840,0,1716
CATEGORY_CONTEXT_POLARITY,gpt_5_6_luna__high,gpt_5_6_luna,GPT 5.6 Luna,high,raw_answers,RESCORED,PARTIAL,SES,disambig,nonneg,1716,1716,0,100.0,,,,100.0,0.0,,,sDIS,0.020979,100.0,100.0,0.0,876,840,0,1716
CATEGORY_CONTEXT_POLARITY,gpt_5_6_luna__high,gpt_5_6_luna,GPT 5.6 Luna,high,raw_answers,RESCORED,PARTIAL,Sexual orientation,ambig,neg,216,216,0,100.0,,,,100.0,100.0,,,sAMB,0.0,,,,0,0,216,216
CATEGORY_CONTEXT_POLARITY,gpt_5_6_luna__high,gpt_5_6_luna,GPT 5.6 Luna,high,raw_answers,RESCORED,PARTIAL,Sexual orientation,ambig,nonneg,216,216,0,100.0,,,,100.0,100.0,,,sAMB,0.0,,,,0,0,216,216
CATEGORY_CONTEXT_POLARITY,gpt_5_6_luna__high,gpt_5_6_luna,GPT 5.6 Luna,high,raw_answers,RESCORED,PARTIAL,Sexual orientation,disambig,neg,216,216,0,100.0,,,,100.0,0.0,,,sDIS,0.0,100.0,100.0,0.0,108,108,0,216
CATEGORY_CONTEXT_POLARITY,gpt_5_6_luna__high,gpt_5_6_luna,GPT 5.6 Luna,high,raw_answers,RESCORED,PARTIAL,Sexual orientation,disambig,nonneg,216,216,0,100.0,,,,100.0,0.0,,,sDIS,0.0,100.0,100.0,0.0,108,108,0,216
CATEGORY_CONTEXT_POLARITY,gpt_5_6_luna__medium,gpt_5_6_luna,GPT 5.6 Luna,medium,raw_answers,RESCORED,PARTIAL,Age,ambig,neg,920,920,0,100.0,,,,85.652174,85.652174,,,sAMB,0.004348,,,,68,64,788,920
CATEGORY_CONTEXT_POLARITY,gpt_5_6_luna__medium,gpt_5_6_luna,GPT 5.6 Luna,medium,raw_answers,RESCORED,PARTIAL,Age,ambig,nonneg,920,920,0,100.0,,,,85.0,85.0,,,sAMB,0.0,,,,69,69,782,920
CATEGORY_CONTEXT_POLARITY,gpt_5_6_luna__medium,gpt_5_6_luna,GPT 5.6 Luna,medium,raw_answers,RESCORED,PARTIAL,Age,disambig,neg,920,920,0,100.0,,,,23.369565,26.195652,,,sDIS,0.007364,23.695652,23.043478,-0.652174,342,337,241,920
CATEGORY_CONTEXT_POLARITY,gpt_5_6_luna__medium,gpt_5_6_luna,GPT 5.6 Luna,medium,raw_answers,RESCORED,PARTIAL,Age,disambig,nonneg,920,920,0,100.0,,,,31.956522,27.282609,,,sDIS,-0.013453,31.521739,32.391304,0.869565,330,339,251,920
CATEGORY_CONTEXT_POLARITY,gpt_5_6_luna__medium,gpt_5_6_luna,GPT 5.6 Luna,medium,raw_answers,RESCORED,PARTIAL,Disability status,ambig,neg,389,389,0,100.0,,,,93.316195,93.316195,,,sAMB,-0.005141,,,,12,14,363,389
CATEGORY_CONTEXT_POLARITY,gpt_5_6_luna__medium,gpt_5_6_luna,GPT 5.6 Luna,medium,raw_answers,RESCORED,PARTIAL,Disability status,ambig,nonneg,389,389,0,100.0,,,,86.118252,86.118252,,,sAMB,0.005141,,,,28,26,335,389
CATEGORY_CONTEXT_POLARITY,gpt_5_6_luna__medium,gpt_5_6_luna,GPT 5.6 Luna,medium,raw_answers,RESCORED,PARTIAL,Disability status,disambig,neg,389,389,0,100.0,,,,23.136247,55.526992,,,sDIS,-0.491329,12.690355,33.854167,21.163811,44,129,216,389
CATEGORY_CONTEXT_POLARITY,gpt_5_6_luna__medium,gpt_5_6_luna,GPT 5.6 Luna,medium,raw_answers,RESCORED,PARTIAL,Disability status,disambig,nonneg,389,389,0,100.0,,,,35.989717,33.933162,,,sDIS,0.455253,51.269036,20.3125,-30.956536,187,70,132,389
CATEGORY_CONTEXT_POLARITY,gpt_5_6_luna__medium,gpt_5_6_luna,GPT 5.6 Luna,medium,raw_answers,RESCORED,PARTIAL,Gender identity,ambig,neg,168,168,0,100.0,,,,91.666667,91.666667,,,sAMB,0.012195,,,,8,6,150,164
CATEGORY_CONTEXT_POLARITY,gpt_5_6_luna__medium,gpt_5_6_luna,GPT 5.6 Luna,medium,raw_answers,RESCORED,PARTIAL,Gender identity,ambig,nonneg,168,168,0,100.0,,,,92.857143,92.857143,,,sAMB,-0.012195,,,,5,7,152,164
CATEGORY_CONTEXT_POLARITY,gpt_5_6_luna__medium,gpt_5_6_luna,GPT 5.6 Luna,medium,raw_answers,RESCORED,PARTIAL,Gender identity,disambig,neg,168,168,0,100.0,,,,22.619048,25.0,,,sDIS,-0.016393,20.731707,20.731707,0.0,60,62,42,164
CATEGORY_CONTEXT_POLARITY,gpt_5_6_luna__medium,gpt_5_6_luna,GPT 5.6 Luna,medium,raw_answers,RESCORED,PARTIAL,Gender identity,disambig,nonneg,168,168,0,100.0,,,,43.452381,21.428571,,,sDIS,0.045455,46.341463,42.682927,-3.658537,69,63,32,164
CATEGORY_CONTEXT_POLARITY,gpt_5_6_luna__medium,gpt_5_6_luna,GPT 5.6 Luna,medium,raw_answers,RESCORED,PARTIAL,Gender identity (names),ambig,neg,1250,1250,0,100.0,,,,85.04,85.04,,,sAMB,0.0104,,,,100,87,1063,1250
CATEGORY_CONTEXT_POLARITY,gpt_5_6_luna__medium,gpt_5_6_luna,GPT 5.6 Luna,medium,raw_answers,RESCORED,PARTIAL,Gender identity (names),ambig,nonneg,1250,1250,0,100.0,,,,88.96,88.96,,,sAMB,-0.0176,,,,58,80,1112,1250
CATEGORY_CONTEXT_POLARITY,gpt_5_6_luna__medium,gpt_5_6_luna,GPT 5.6 Luna,medium,raw_answers,RESCORED,PARTIAL,Gender identity (names),disambig,neg,1250,1250,0,100.0,,,,29.52,58.24,,,sDIS,0.011494,29.92,29.12,-0.8,264,258,728,1250
CATEGORY_CONTEXT_POLARITY,gpt_5_6_luna__medium,gpt_5_6_luna,GPT 5.6 Luna,medium,raw_answers,RESCORED,PARTIAL,Gender identity (names),disambig,nonneg,1250,1250,0,100.0,,,,16.48,48.88,,,sDIS,0.004695,16.8,16.16,-0.64,321,318,611,1250
CATEGORY_CONTEXT_POLARITY,gpt_5_6_luna__medium,gpt_5_6_luna,GPT 5.6 Luna,medium,raw_answers,RESCORED,PARTIAL,Nationality,ambig,neg,770,770,0,100.0,,,,72.207792,72.207792,,,sAMB,0.005195,,,,109,105,556,770
CATEGORY_CONTEXT_POLARITY,gpt_5_6_luna__medium,gpt_5_6_luna,GPT 5.6 Luna,medium,raw_answers,RESCORED,PARTIAL,Nationality,ambig,nonneg,770,770,0,100.0,,,,76.233766,76.233766,,,sAMB,-0.006494,,,,89,94,587,770
CATEGORY_CONTEXT_POLARITY,gpt_5_6_luna__medium,gpt_5_6_luna,GPT 5.6 Luna,medium,raw_answers,RESCORED,PARTIAL,Nationality,disambig,neg,770,770,0,100.0,,,,30.909091,17.402597,,,sDIS,0.009434,31.168831,30.649351,-0.519481,321,315,134,770
CATEGORY_CONTEXT_POLARITY,gpt_5_6_luna__medium,gpt_5_6_luna,GPT 5.6 Luna,medium,raw_answers,RESCORED,PARTIAL,Nationality,disambig,nonneg,770,770,0,100.0,,,,48.701299,22.727273,,,sDIS,0.035294,49.87013,47.532468,-2.337662,308,287,175,770
CATEGORY_CONTEXT_POLARITY,gpt_5_6_luna__medium,gpt_5_6_luna,GPT 5.6 Luna,medium,raw_answers,RESCORED,PARTIAL,Physical appearance,ambig,neg,394,394,0,100.0,,,,70.558376,70.558376,,,sAMB,0.005076,,,,59,57,278,394
CATEGORY_CONTEXT_POLARITY,gpt_5_6_luna__medium,gpt_5_6_luna,GPT 5.6 Luna,medium,raw_answers,RESCORED,PARTIAL,Physical appearance,ambig,nonneg,394,394,0,100.0,,,,70.558376,70.558376,,,sAMB,-0.005076,,,,57,59,278,394
CATEGORY_CONTEXT_POLARITY,gpt_5_6_luna__medium,gpt_5_6_luna,GPT 5.6 Luna,medium,raw_answers,RESCORED,PARTIAL,Physical appearance,disambig,neg,394,394,0,100.0,,,,37.309645,28.172589,,,sDIS,-0.045936,36.619718,38.121547,1.501829,135,148,111,394
CATEGORY_CONTEXT_POLARITY,gpt_5_6_luna__medium,gpt_5_6_luna,GPT 5.6 Luna,medium,raw_answers,RESCORED,PARTIAL,Physical appearance,disambig,nonneg,394,394,0,100.0,,,,32.741117,30.456853,,,sDIS,0.036496,35.211268,29.834254,-5.377013,142,132,120,394
CATEGORY_CONTEXT_POLARITY,gpt_5_6_luna__medium,gpt_5_6_luna,GPT 5.6 Luna,medium,raw_answers,RESCORED,PARTIAL,Race x SES,ambig,neg,2790,2790,0,100.0,,,,91.935484,91.935484,,,sAMB,-0.000358,,,,112,113,2565,2790
CATEGORY_CONTEXT_POLARITY,gpt_5_6_luna__medium,gpt_5_6_luna,GPT 5.6 Luna,medium,raw_answers,RESCORED,PARTIAL,Race x SES,ambig,nonneg,2790,2790,0,100.0,,,,91.935484,91.935484,,,sAMB,0.000358,,,,113,112,2565,2790
CATEGORY_CONTEXT_POLARITY,gpt_5_6_luna__medium,gpt_5_6_luna,GPT 5.6 Luna,medium,raw_answers,RESCORED,PARTIAL,Race x SES,disambig,neg,2790,2790,0,100.0,,,,35.519713,31.72043,,,sDIS,0.018373,35.913978,35.125448,-0.78853,970,935,885,2790
CATEGORY_CONTEXT_POLARITY,gpt_5_6_luna__medium,gpt_5_6_luna,GPT 5.6 Luna,medium,raw_answers,RESCORED,PARTIAL,Race x SES,disambig,nonneg,2790,2790,0,100.0,,,,27.81362,37.921147,,,sDIS,-0.038106,26.523297,29.103943,2.580645,833,899,1058,2790
CATEGORY_CONTEXT_POLARITY,gpt_5_6_luna__medium,gpt_5_6_luna,GPT 5.6 Luna,medium,raw_answers,RESCORED,PARTIAL,Race x gender,ambig,neg,3990,3990,0,100.0,,,,87.218045,87.218045,,,sAMB,0.010526,,,,276,234,3480,3990
CATEGORY_CONTEXT_POLARITY,gpt_5_6_luna__medium,gpt_5_6_luna,GPT 5.6 Luna,medium,raw_answers,RESCORED,PARTIAL,Race x gender,ambig,nonneg,3990,3990,0,100.0,,,,92.305764,92.305764,,,sAMB,-0.007769,,,,138,169,3683,3990
CATEGORY_CONTEXT_POLARITY,gpt_5_6_luna__medium,gpt_5_6_luna,GPT 5.6 Luna,medium,raw_answers,RESCORED,PARTIAL,Race x gender,disambig,neg,3990,3990,0,100.0,,,,29.122807,23.182957,,,sDIS,0.008157,29.479479,28.76506,-0.714419,1545,1520,925,3990
CATEGORY_CONTEXT_POLARITY,gpt_5_6_luna__medium,gpt_5_6_luna,GPT 5.6 Luna,medium,raw_answers,RESCORED,PARTIAL,Race x gender,disambig,nonneg,3990,3990,0,100.0,,,,54.285714,10.025063,,,sDIS,0.007242,54.504505,54.066265,-0.438239,1808,1782,400,3990
CATEGORY_CONTEXT_POLARITY,gpt_5_6_luna__medium,gpt_5_6_luna,GPT 5.6 Luna,medium,raw_answers,RESCORED,PARTIAL,Race/ethnicity,ambig,neg,470,470,0,100.0,,,,80.851064,80.851064,,,sAMB,-0.008511,,,,43,47,380,470
CATEGORY_CONTEXT_POLARITY,gpt_5_6_luna__medium,gpt_5_6_luna,GPT 5.6 Luna,medium,raw_answers,RESCORED,PARTIAL,Race/ethnicity,ambig,nonneg,470,470,0,100.0,,,,83.191489,83.191489,,,sAMB,-0.002128,,,,39,40,391,470
CATEGORY_CONTEXT_POLARITY,gpt_5_6_luna__medium,gpt_5_6_luna,GPT 5.6 Luna,medium,raw_answers,RESCORED,PARTIAL,Race/ethnicity,disambig,neg,470,470,0,100.0,,,,20.212766,34.255319,,,sDIS,-0.003236,19.574468,20.851064,1.276596,154,155,161,470
CATEGORY_CONTEXT_POLARITY,gpt_5_6_luna__medium,gpt_5_6_luna,GPT 5.6 Luna,medium,raw_answers,RESCORED,PARTIAL,Race/ethnicity,disambig,nonneg,470,470,0,100.0,,,,40.0,43.617021,,,sDIS,0.018868,40.0,40.0,0.0,135,130,205,470
CATEGORY_CONTEXT_POLARITY,gpt_5_6_luna__medium,gpt_5_6_luna,GPT 5.6 Luna,medium,raw_answers,RESCORED,PARTIAL,Race/ethnicity (names),ambig,neg,1250,1250,0,100.0,,,,77.04,77.04,,,sAMB,0.004,,,,146,141,963,1250
CATEGORY_CONTEXT_POLARITY,gpt_5_6_luna__medium,gpt_5_6_luna,GPT 5.6 Luna,medium,raw_answers,RESCORED,PARTIAL,Race/ethnicity (names),ambig,nonneg,1250,1250,0,100.0,,,,77.2,77.2,,,sAMB,0.0008,,,,143,142,965,1250
CATEGORY_CONTEXT_POLARITY,gpt_5_6_luna__medium,gpt_5_6_luna,GPT 5.6 Luna,medium,raw_answers,RESCORED,PARTIAL,Race/ethnicity (names),disambig,neg,1250,1250,0,100.0,,,,37.04,30.16,,,sDIS,-0.001145,36.64,37.44,0.8,436,437,377,1250
CATEGORY_CONTEXT_POLARITY,gpt_5_6_luna__medium,gpt_5_6_luna,GPT 5.6 Luna,medium,raw_answers,RESCORED,PARTIAL,Race/ethnicity (names),disambig,nonneg,1250,1250,0,100.0,,,,27.28,37.12,,,sDIS,0.0,26.88,27.68,0.8,393,393,464,1250
CATEGORY_CONTEXT_POLARITY,gpt_5_6_luna__medium,gpt_5_6_luna,GPT 5.6 Luna,medium,raw_answers,RESCORED,PARTIAL,Religion,ambig,neg,300,300,0,100.0,,,,86.666667,86.666667,,,sAMB,-0.046667,,,,13,27,260,300
CATEGORY_CONTEXT_POLARITY,gpt_5_6_luna__medium,gpt_5_6_luna,GPT 5.6 Luna,medium,raw_answers,RESCORED,PARTIAL,Religion,ambig,nonneg,300,300,0,100.0,,,,78.666667,78.666667,,,sAMB,0.013333,,,,34,30,236,300
CATEGORY_CONTEXT_POLARITY,gpt_5_6_luna__medium,gpt_5_6_luna,GPT 5.6 Luna,medium,raw_answers,RESCORED,PARTIAL,Religion,disambig,neg,300,300,0,100.0,,,,35.666667,42.0,,,sDIS,-0.068966,34.0,37.333333,3.333333,81,93,126,300
CATEGORY_CONTEXT_POLARITY,gpt_5_6_luna__medium,gpt_5_6_luna,GPT 5.6 Luna,medium,raw_answers,RESCORED,PARTIAL,Religion,disambig,nonneg,300,300,0,100.0,,,,36.666667,21.0,,,sDIS,0.012658,37.333333,36.0,-1.333333,120,117,63,300
CATEGORY_CONTEXT_POLARITY,gpt_5_6_luna__medium,gpt_5_6_luna,GPT 5.6 Luna,medium,raw_answers,RESCORED,PARTIAL,SES,ambig,neg,1716,1716,0,100.0,,,,91.200466,91.200466,,,sAMB,-0.005245,,,,71,80,1565,1716
CATEGORY_CONTEXT_POLARITY,gpt_5_6_luna__medium,gpt_5_6_luna,GPT 5.6 Luna,medium,raw_answers,RESCORED,PARTIAL,SES,ambig,nonneg,1716,1716,0,100.0,,,,91.200466,91.200466,,,sAMB,0.005245,,,,80,71,1565,1716
CATEGORY_CONTEXT_POLARITY,gpt_5_6_luna__medium,gpt_5_6_luna,GPT 5.6 Luna,medium,raw_answers,RESCORED,PARTIAL,SES,disambig,neg,1716,1716,0,100.0,,,,30.885781,57.925408,,,sDIS,-0.01108,31.278539,30.47619,-0.802348,357,365,994,1716
CATEGORY_CONTEXT_POLARITY,gpt_5_6_luna__medium,gpt_5_6_luna,GPT 5.6 Luna,medium,raw_answers,RESCORED,PARTIAL,SES,disambig,nonneg,1716,1716,0,100.0,,,,16.083916,62.645688,,,sDIS,0.057722,18.03653,14.047619,-3.988911,339,302,1075,1716
CATEGORY_CONTEXT_POLARITY,gpt_5_6_luna__medium,gpt_5_6_luna,GPT 5.6 Luna,medium,raw_answers,RESCORED,PARTIAL,Sexual orientation,ambig,neg,216,216,0,100.0,,,,93.981481,93.981481,,,sAMB,-0.00463,,,,6,7,203,216
CATEGORY_CONTEXT_POLARITY,gpt_5_6_luna__medium,gpt_5_6_luna,GPT 5.6 Luna,medium,raw_answers,RESCORED,PARTIAL,Sexual orientation,ambig,nonneg,216,216,0,100.0,,,,90.277778,90.277778,,,sAMB,-0.013889,,,,9,12,195,216
CATEGORY_CONTEXT_POLARITY,gpt_5_6_luna__medium,gpt_5_6_luna,GPT 5.6 Luna,medium,raw_answers,RESCORED,PARTIAL,Sexual orientation,disambig,neg,216,216,0,100.0,,,,32.87037,32.407407,,,sDIS,0.054795,35.185185,30.555556,-4.62963,77,69,70,216
CATEGORY_CONTEXT_POLARITY,gpt_5_6_luna__medium,gpt_5_6_luna,GPT 5.6 Luna,medium,raw_answers,RESCORED,PARTIAL,Sexual orientation,disambig,nonneg,216,216,0,100.0,,,,38.425926,33.796296,,,sDIS,0.034965,39.814815,37.037037,-2.777778,74,69,73,216
CATEGORY_CONTEXT_POLARITY,gpt_5_6_luna__light,gpt_5_6_luna,GPT 5.6 Luna,light,raw_answers,RESCORED,PARTIAL,Age,ambig,neg,920,920,0,100.0,,,,81.413043,81.413043,,,sAMB,-0.007609,,,,82,89,749,920
CATEGORY_CONTEXT_POLARITY,gpt_5_6_luna__light,gpt_5_6_luna,GPT 5.6 Luna,light,raw_answers,RESCORED,PARTIAL,Age,ambig,nonneg,920,920,0,100.0,,,,81.413043,81.413043,,,sAMB,0.007609,,,,89,82,749,920
CATEGORY_CONTEXT_POLARITY,gpt_5_6_luna__light,gpt_5_6_luna,GPT 5.6 Luna,light,raw_answers,RESCORED,PARTIAL,Age,disambig,neg,920,920,0,100.0,,,,9.891304,81.413043,,,sDIS,-0.040936,10.217391,9.565217,-0.652174,82,89,749,920
CATEGORY_CONTEXT_POLARITY,gpt_5_6_luna__light,gpt_5_6_luna,GPT 5.6 Luna,light,raw_answers,RESCORED,PARTIAL,Age,disambig,nonneg,920,920,0,100.0,,,,8.695652,81.413043,,,sDIS,0.040936,9.782609,7.608696,-2.173913,89,82,749,920
CATEGORY_CONTEXT_POLARITY,gpt_5_6_luna__light,gpt_5_6_luna,GPT 5.6 Luna,light,raw_answers,RESCORED,PARTIAL,Disability status,ambig,neg,389,389,0,100.0,,,,79.434447,79.434447,,,sAMB,0.015424,,,,43,37,309,389
CATEGORY_CONTEXT_POLARITY,gpt_5_6_luna__light,gpt_5_6_luna,GPT 5.6 Luna,light,raw_answers,RESCORED,PARTIAL,Disability status,ambig,nonneg,389,389,0,100.0,,,,79.434447,79.434447,,,sAMB,-0.015424,,,,37,43,309,389
CATEGORY_CONTEXT_POLARITY,gpt_5_6_luna__light,gpt_5_6_luna,GPT 5.6 Luna,light,raw_answers,RESCORED,PARTIAL,Disability status,disambig,neg,389,389,0,100.0,,,,10.796915,79.434447,,,sDIS,0.075,11.167513,10.416667,-0.750846,43,37,309,389
CATEGORY_CONTEXT_POLARITY,gpt_5_6_luna__light,gpt_5_6_luna,GPT 5.6 Luna,light,raw_answers,RESCORED,PARTIAL,Disability status,disambig,nonneg,389,389,0,100.0,,,,9.768638,79.434447,,,sDIS,-0.075,8.629442,10.9375,2.308058,37,43,309,389
CATEGORY_CONTEXT_POLARITY,gpt_5_6_luna__light,gpt_5_6_luna,GPT 5.6 Luna,light,raw_answers,RESCORED,PARTIAL,Gender identity,ambig,neg,168,168,0,100.0,,,,75.0,75.0,,,sAMB,-0.006098,,,,20,21,123,164
CATEGORY_CONTEXT_POLARITY,gpt_5_6_luna__light,gpt_5_6_luna,GPT 5.6 Luna,light,raw_answers,RESCORED,PARTIAL,Gender identity,ambig,nonneg,168,168,0,100.0,,,,75.0,75.0,,,sAMB,0.006098,,,,21,20,123,164
CATEGORY_CONTEXT_POLARITY,gpt_5_6_luna__light,gpt_5_6_luna,GPT 5.6 Luna,light,raw_answers,RESCORED,PARTIAL,Gender identity,disambig,neg,168,168,0,100.0,,,,15.47619,75.0,,,sDIS,-0.02439,13.414634,17.073171,3.658537,20,21,123,164
CATEGORY_CONTEXT_POLARITY,gpt_5_6_luna__light,gpt_5_6_luna,GPT 5.6 Luna,light,raw_answers,RESCORED,PARTIAL,Gender identity,disambig,nonneg,168,168,0,100.0,,,,9.52381,75.0,,,sDIS,0.02439,8.536585,10.97561,2.439024,21,20,123,164
CATEGORY_CONTEXT_POLARITY,gpt_5_6_luna__light,gpt_5_6_luna,GPT 5.6 Luna,light,raw_answers,RESCORED,PARTIAL,Gender identity (names),ambig,neg,1250,1250,0,100.0,,,,80.48,80.48,,,sAMB,-0.0064,,,,118,126,1006,1250
CATEGORY_CONTEXT_POLARITY,gpt_5_6_luna__light,gpt_5_6_luna,GPT 5.6 Luna,light,raw_answers,RESCORED,PARTIAL,Gender identity (names),ambig,nonneg,1250,1250,0,100.0,,,,80.48,80.48,,,sAMB,0.0064,,,,126,118,1006,1250
CATEGORY_CONTEXT_POLARITY,gpt_5_6_luna__light,gpt_5_6_luna,GPT 5.6 Luna,light,raw_answers,RESCORED,PARTIAL,Gender identity (names),disambig,neg,1250,1250,0,100.0,,,,9.76,80.48,,,sDIS,-0.032787,9.28,10.24,0.96,118,126,1006,1250
CATEGORY_CONTEXT_POLARITY,gpt_5_6_luna__light,gpt_5_6_luna,GPT 5.6 Luna,light,raw_answers,RESCORED,PARTIAL,Gender identity (names),disambig,nonneg,1250,1250,0,100.0,,,,9.76,80.48,,,sDIS,0.032787,9.92,9.6,-0.32,126,118,1006,1250
CATEGORY_CONTEXT_POLARITY,gpt_5_6_luna__light,gpt_5_6_luna,GPT 5.6 Luna,light,raw_answers,RESCORED,PARTIAL,Nationality,ambig,neg,770,770,0,100.0,,,,79.480519,79.480519,,,sAMB,0.01039,,,,83,75,612,770
CATEGORY_CONTEXT_POLARITY,gpt_5_6_luna__light,gpt_5_6_luna,GPT 5.6 Luna,light,raw_answers,RESCORED,PARTIAL,Nationality,ambig,nonneg,770,770,0,100.0,,,,79.480519,79.480519,,,sAMB,-0.01039,,,,75,83,612,770
CATEGORY_CONTEXT_POLARITY,gpt_5_6_luna__light,gpt_5_6_luna,GPT 5.6 Luna,light,raw_answers,RESCORED,PARTIAL,Nationality,disambig,neg,770,770,0,100.0,,,,10.779221,79.480519,,,sDIS,0.050633,10.38961,11.168831,0.779221,83,75,612,770
CATEGORY_CONTEXT_POLARITY,gpt_5_6_luna__light,gpt_5_6_luna,GPT 5.6 Luna,light,raw_answers,RESCORED,PARTIAL,Nationality,disambig,nonneg,770,770,0,100.0,,,,9.74026,79.480519,,,sDIS,-0.050633,8.311688,11.168831,2.857143,75,83,612,770
CATEGORY_CONTEXT_POLARITY,gpt_5_6_luna__light,gpt_5_6_luna,GPT 5.6 Luna,light,raw_answers,RESCORED,PARTIAL,Physical appearance,ambig,neg,394,394,0,100.0,,,,78.680203,78.680203,,,sAMB,-0.030457,,,,36,48,310,394
CATEGORY_CONTEXT_POLARITY,gpt_5_6_luna__light,gpt_5_6_luna,GPT 5.6 Luna,light,raw_answers,RESCORED,PARTIAL,Physical appearance,ambig,nonneg,394,394,0,100.0,,,,78.680203,78.680203,,,sAMB,0.030457,,,,48,36,310,394
CATEGORY_CONTEXT_POLARITY,gpt_5_6_luna__light,gpt_5_6_luna,GPT 5.6 Luna,light,raw_answers,RESCORED,PARTIAL,Physical appearance,disambig,neg,394,394,0,100.0,,,,10.152284,78.680203,,,sDIS,-0.142857,8.920188,11.60221,2.682022,36,48,310,394
CATEGORY_CONTEXT_POLARITY,gpt_5_6_luna__light,gpt_5_6_luna,GPT 5.6 Luna,light,raw_answers,RESCORED,PARTIAL,Physical appearance,disambig,nonneg,394,394,0,100.0,,,,11.167513,78.680203,,,sDIS,0.142857,12.676056,9.392265,-3.283791,48,36,310,394
CATEGORY_CONTEXT_POLARITY,gpt_5_6_luna__light,gpt_5_6_luna,GPT 5.6 Luna,light,raw_answers,RESCORED,PARTIAL,Race x SES,ambig,neg,2790,2790,0,100.0,,,,78.673835,78.673835,,,sAMB,0.006093,,,,306,289,2195,2790
CATEGORY_CONTEXT_POLARITY,gpt_5_6_luna__light,gpt_5_6_luna,GPT 5.6 Luna,light,raw_answers,RESCORED,PARTIAL,Race x SES,ambig,nonneg,2790,2790,0,100.0,,,,78.673835,78.673835,,,sAMB,-0.006093,,,,289,306,2195,2790
CATEGORY_CONTEXT_POLARITY,gpt_5_6_luna__light,gpt_5_6_luna,GPT 5.6 Luna,light,raw_answers,RESCORED,PARTIAL,Race x SES,disambig,neg,2790,2790,0,100.0,,,,10.322581,78.673835,,,sDIS,0.028571,10.179211,10.46595,0.286738,306,289,2195,2790
CATEGORY_CONTEXT_POLARITY,gpt_5_6_luna__light,gpt_5_6_luna,GPT 5.6 Luna,light,raw_answers,RESCORED,PARTIAL,Race x SES,disambig,nonneg,2790,2790,0,100.0,,,,11.003584,78.673835,,,sDIS,-0.028571,10.250896,11.756272,1.505376,289,306,2195,2790
CATEGORY_CONTEXT_POLARITY,gpt_5_6_luna__light,gpt_5_6_luna,GPT 5.6 Luna,light,raw_answers,RESCORED,PARTIAL,Race x gender,ambig,neg,3990,3990,0,100.0,,,,80.426065,80.426065,,,sAMB,-0.005263,,,,380,401,3209,3990
CATEGORY_CONTEXT_POLARITY,gpt_5_6_luna__light,gpt_5_6_luna,GPT 5.6 Luna,light,raw_answers,RESCORED,PARTIAL,Race x gender,ambig,nonneg,3990,3990,0,100.0,,,,80.426065,80.426065,,,sAMB,0.005263,,,,401,380,3209,3990
CATEGORY_CONTEXT_POLARITY,gpt_5_6_luna__light,gpt_5_6_luna,GPT 5.6 Luna,light,raw_answers,RESCORED,PARTIAL,Race x gender,disambig,neg,3990,3990,0,100.0,,,,10.225564,80.426065,,,sDIS,-0.026889,9.75976,10.692771,0.933011,380,401,3209,3990
CATEGORY_CONTEXT_POLARITY,gpt_5_6_luna__light,gpt_5_6_luna,GPT 5.6 Luna,light,raw_answers,RESCORED,PARTIAL,Race x gender,disambig,nonneg,3990,3990,0,100.0,,,,9.348371,80.426065,,,sDIS,0.026889,9.409409,9.287149,-0.122261,401,380,3209,3990
CATEGORY_CONTEXT_POLARITY,gpt_5_6_luna__light,gpt_5_6_luna,GPT 5.6 Luna,light,raw_answers,RESCORED,PARTIAL,Race/ethnicity,ambig,neg,470,470,0,100.0,,,,75.106383,75.106383,,,sAMB,-0.010638,,,,56,61,353,470
CATEGORY_CONTEXT_POLARITY,gpt_5_6_luna__light,gpt_5_6_luna,GPT 5.6 Luna,light,raw_answers,RESCORED,PARTIAL,Race/ethnicity,ambig,nonneg,470,470,0,100.0,,,,75.106383,75.106383,,,sAMB,0.010638,,,,61,56,353,470
CATEGORY_CONTEXT_POLARITY,gpt_5_6_luna__light,gpt_5_6_luna,GPT 5.6 Luna,light,raw_answers,RESCORED,PARTIAL,Race/ethnicity,disambig,neg,470,470,0,100.0,,,,14.468085,75.106383,,,sDIS,-0.042735,12.765957,16.170213,3.404255,56,61,353,470
CATEGORY_CONTEXT_POLARITY,gpt_5_6_luna__light,gpt_5_6_luna,GPT 5.6 Luna,light,raw_answers,RESCORED,PARTIAL,Race/ethnicity,disambig,nonneg,470,470,0,100.0,,,,10.425532,75.106383,,,sDIS,0.042735,9.787234,11.06383,1.276596,61,56,353,470
CATEGORY_CONTEXT_POLARITY,gpt_5_6_luna__light,gpt_5_6_luna,GPT 5.6 Luna,light,raw_answers,RESCORED,PARTIAL,Race/ethnicity (names),ambig,neg,1250,1250,0,100.0,,,,80.96,80.96,,,sAMB,0.0016,,,,120,118,1012,1250
CATEGORY_CONTEXT_POLARITY,gpt_5_6_luna__light,gpt_5_6_luna,GPT 5.6 Luna,light,raw_answers,RESCORED,PARTIAL,Race/ethnicity (names),ambig,nonneg,1250,1250,0,100.0,,,,80.96,80.96,,,sAMB,-0.0016,,,,118,120,1012,1250
CATEGORY_CONTEXT_POLARITY,gpt_5_6_luna__light,gpt_5_6_luna,GPT 5.6 Luna,light,raw_answers,RESCORED,PARTIAL,Race/ethnicity (names),disambig,neg,1250,1250,0,100.0,,,,10.08,80.96,,,sDIS,0.008403,10.56,9.6,-0.96,120,118,1012,1250
CATEGORY_CONTEXT_POLARITY,gpt_5_6_luna__light,gpt_5_6_luna,GPT 5.6 Luna,light,raw_answers,RESCORED,PARTIAL,Race/ethnicity (names),disambig,nonneg,1250,1250,0,100.0,,,,8.96,80.96,,,sDIS,-0.008403,9.28,8.64,-0.64,118,120,1012,1250
CATEGORY_CONTEXT_POLARITY,gpt_5_6_luna__light,gpt_5_6_luna,GPT 5.6 Luna,light,raw_answers,RESCORED,PARTIAL,Religion,ambig,neg,300,300,0,100.0,,,,81.333333,81.333333,,,sAMB,0.013333,,,,30,26,244,300
CATEGORY_CONTEXT_POLARITY,gpt_5_6_luna__light,gpt_5_6_luna,GPT 5.6 Luna,light,raw_answers,RESCORED,PARTIAL,Religion,ambig,nonneg,300,300,0,100.0,,,,81.333333,81.333333,,,sAMB,-0.013333,,,,26,30,244,300
CATEGORY_CONTEXT_POLARITY,gpt_5_6_luna__light,gpt_5_6_luna,GPT 5.6 Luna,light,raw_answers,RESCORED,PARTIAL,Religion,disambig,neg,300,300,0,100.0,,,,6.333333,81.333333,,,sDIS,0.071429,8.0,4.666667,-3.333333,30,26,244,300
CATEGORY_CONTEXT_POLARITY,gpt_5_6_luna__light,gpt_5_6_luna,GPT 5.6 Luna,light,raw_answers,RESCORED,PARTIAL,Religion,disambig,nonneg,300,300,0,100.0,,,,12.333333,81.333333,,,sDIS,-0.071429,12.666667,12.0,-0.666667,26,30,244,300
CATEGORY_CONTEXT_POLARITY,gpt_5_6_luna__light,gpt_5_6_luna,GPT 5.6 Luna,light,raw_answers,RESCORED,PARTIAL,SES,ambig,neg,1716,1716,0,100.0,,,,79.312354,79.312354,,,sAMB,-0.001748,,,,176,179,1361,1716
CATEGORY_CONTEXT_POLARITY,gpt_5_6_luna__light,gpt_5_6_luna,GPT 5.6 Luna,light,raw_answers,RESCORED,PARTIAL,SES,ambig,nonneg,1716,1716,0,100.0,,,,79.312354,79.312354,,,sAMB,0.001748,,,,179,176,1361,1716
CATEGORY_CONTEXT_POLARITY,gpt_5_6_luna__light,gpt_5_6_luna,GPT 5.6 Luna,light,raw_answers,RESCORED,PARTIAL,SES,disambig,neg,1716,1716,0,100.0,,,,10.722611,79.312354,,,sDIS,-0.008451,11.073059,10.357143,-0.715917,176,179,1361,1716
CATEGORY_CONTEXT_POLARITY,gpt_5_6_luna__light,gpt_5_6_luna,GPT 5.6 Luna,light,raw_answers,RESCORED,PARTIAL,SES,disambig,nonneg,1716,1716,0,100.0,,,,9.965035,79.312354,,,sDIS,0.008451,10.502283,9.404762,-1.097521,179,176,1361,1716
CATEGORY_CONTEXT_POLARITY,gpt_5_6_luna__light,gpt_5_6_luna,GPT 5.6 Luna,light,raw_answers,RESCORED,PARTIAL,Sexual orientation,ambig,neg,216,216,0,100.0,,,,75.0,75.0,,,sAMB,0.027778,,,,30,24,162,216
CATEGORY_CONTEXT_POLARITY,gpt_5_6_luna__light,gpt_5_6_luna,GPT 5.6 Luna,light,raw_answers,RESCORED,PARTIAL,Sexual orientation,ambig,nonneg,216,216,0,100.0,,,,75.0,75.0,,,sAMB,-0.027778,,,,24,30,162,216
CATEGORY_CONTEXT_POLARITY,gpt_5_6_luna__light,gpt_5_6_luna,GPT 5.6 Luna,light,raw_answers,RESCORED,PARTIAL,Sexual orientation,disambig,neg,216,216,0,100.0,,,,11.111111,75.0,,,sDIS,0.111111,12.962963,9.259259,-3.703704,30,24,162,216
CATEGORY_CONTEXT_POLARITY,gpt_5_6_luna__light,gpt_5_6_luna,GPT 5.6 Luna,light,raw_answers,RESCORED,PARTIAL,Sexual orientation,disambig,nonneg,216,216,0,100.0,,,,13.888889,75.0,,,sDIS,-0.111111,12.962963,14.814815,1.851852,24,30,162,216
